id,ysws,approved_at,hours,country,github_username,code_url,demo_url,description,screenshot_url,github_stars,display_name,archived_demo,archived_repo
recK7Zuq1Nfjr6u4I,Highway,1775433600,14,US,2Mon,https://github.com/2Mon/battlebot,https://github.com/2Mon/battlebot,"This project is my vertical spinner battlebot, ""Untitled Document"". I designed this in around 18 hours. It uses a large 2400kv hub motor for the main weapon, and two smaller brushed motors for the main wheels. It uses two large forks at the front to get under other bots, pushing them up into the spinner. I hope to be able to compete with this bot at the GSCRL competition, and I'm very optimistic about its performance. I have always been interested in robotics, and I am the build lead on my highschool robotics team. I have also built a Voron 2.4, along with other smaller printers. I would love to be able to build this bot!",https://v5.airtableusercontent.com/v3/u/52/52/1776535200000/94qfZTtKV7h18GsoP3FWWQ/bBOB2Nq5Mae6H4JcNoSZt0vOc2MTbBinS8sEfvvxmdni76x-VHuStPTpJ4yMMjgpcXa_6B53nTZn7pT42aoMWCemTuLfxyehq7pFjGC9iQTi-i5B3pQzHElnlOv4Ch7lQCWoazsnqJPFsn28mQ1RT4k2agbjS4KDpvckWJOKz-3mODUwrd_wfrf0NnsaN9XI/EHEUBxLrUeje8D7yXHAwVIYUdLsYCHb8iWiuPa64MWM,2,,,http://archive.hackclub.com/504Q9
recyK9FjjfTNgHuPm,Highway,1775433600,22,France,cheyao,https://github.com/cheyao/esp-usb,https://github.com/cheyao/esp-usb,ESP USB - A ESP32 dev board that fits inside your usb port. (Aka my project used to train rf skillz),https://v5.airtableusercontent.com/v3/u/52/52/1776535200000/QOJJzBsBcGrXHcMfvUk9eg/w1KxEeF4ESIb5ZSActSsUzYmcVJlVwj93BBkYz6k1AmCOvk822Tzc7l0d9YHL-wQRwkj8dRLffl3DMpXEk6mYePxBReqD91caxxhsotf39FeZDpTWcfJAN2nWzsXmuEfGqmBc1aSnGeOm0Ag_2PkUUMEPGFjIqZuHOSXcSM38SI/RdFFjJo-_ku2kqV8H0dLKjWSLNbEjoqEj2UomrNgk8E,18,Cyao,,http://archive.hackclub.com/7QPch
rec6l8AoggDBmKpd3,Highway,1775433600,12,United States,Kiya86,https://github.com/Kiya86/SkyTrack,https://github.com/Kiya86/SkyTrack,"My project is a fully 3D-printed drone that can achieve speeds up to 100mph! In the future, I hope to add mounting points to the frame for additions. (Turrets, carrying stuff, etc.)",https://v5.airtableusercontent.com/v3/u/52/52/1776535200000/NX-Z7KuPtMEw7xMGZR7Ehg/O_S7-mSwCnybOPDJqu4fDjOo72JlyvU2pR5IIBa7TsimRQ9UwqF-My7uppwMiKaps5KaxK0SNSNDEPo5R5GNciWAOgzi6kZC3FCzPGgZ5GsQ1po0U7SresLFJ3-JbozsE02tZltzE3x6wTAO-T_70vPhFTuE4meACVS9gWR7jeo/EipQjjJOwbg-CXiRNPW-zKR04cBLT2ohsT3z_nMY_Kc,1,,,http://archive.hackclub.com/PnGWm
recax2CJPCQB8sc0e,Highway,1775433600,10,United States,rakshitDarji007,https://github.com/rakshitDarji007/MacroPADD,https://github.com/rakshitDarji007/MacroPADD,I made a Macro Pad for my first hardware project and it was great I had a lot of fun learning!!! Looking forward to making a keyboard,https://v5.airtableusercontent.com/v3/u/52/52/1776535200000/4edbYUzrFehFky0yQkG0rA/r3Dm11SU4QiFHlihLTt6_dKftr0X9U_784IFH5bZNcpAMIVuDzN9Xvew7dSAEJENbNHRsQ4wZ3INdR3z-Ln3jqXqj7N2wF3KKs3CT-Bq2-A6axuyX-dFkQGkEnd48xjC94wKhaoxE5Jlszyu96LEdzo0jdT_RBmly_kRssmC_HfmdpaEnbSH3jUwU5ML9Qeu/4g3yOePrwCR2k1UDOEVnlaXdI7vGAfiuBZBXFoxXeTo,0,,,http://archive.hackclub.com/8z2dR
recDDSc8v4Z7TziAh,Highway,1775433600,7,United States,artemis9703,https://github.com/artemis9703/highway-hackpad,https://github.com/artemis9703/highway-hackpad,"i made a hackpad with six buttons that can pause music, skip both directions, turn the volume up and down, and open the calculator",https://v5.airtableusercontent.com/v3/u/52/52/1776535200000/4rOVmf6f0tWJeTyo8FFDfA/PhA3Iyn4jYqCuCkiWmJK8okrojUzc2Kk76wtKU8ifbqI6dbMM2hDMUq9HvHar1_OnmRze5lMuWVWTeRYOjr5-DWek8lGXB4kiT-dG6SkiZIKbzvYJHvB1cLm-78w5J3lQWP2Yl8EZPqCwNa1lmI9hDaVIRQjGX1g8fG1vez4uYK8n6DZQ-KKctbMjW_jSfBd/WRxY3hLwVfvl2dM5Suq-TKPNIvXWBX7L4gXs43qCUyk,0,,,http://archive.hackclub.com/lLPjG
recGpHfC9FxiMZPrQ,Highway,1775433600,13,Canada,kushmdesai,https://github.com/kushmdesai/Gamepad/,https://github.com/kushmdesai/Gamepad/,My project is a hackpad designed to game. It has the four necessary keys that can be used as the arrows and to add personalization I extrude some things into it. It also makes it look very good.,https://v5.airtableusercontent.com/v3/u/52/52/1776535200000/ay-TqiC07JkYQnIRDgH6jQ/pain8OJuRfSmyPprtBz441Fd1gFoeVsHRGSqekvA4FR6yUtRnfRYBAW3GwHDWOr9nzLkwKsKkT-6edlP_DwQiSYOgME8Aln4-sLuQAaIqeRmOStlMjmKebAYoGFwqMpGQQ6fjjSp0fAyCLPdwL2y1Oazt1CuGQfl2nsXZGMtSA8XPDgTNxkQVoKLf7F71VuV/wIfc0ycxLBG5eozHVOt0bmEtC21JBUJNxF_wnqvjyUY,0,,,http://archive.hackclub.com/BSWa7
recCOtDw6wSXVicWE,Highway,1775433600,12,France,cheyao,https://github.com/cheyao/stmounter,https://github.com/cheyao/stmounter,"STM32 dev board!!! + In a rpi pico format for drop in replacement Has usb support, dual clock for accurate time and adc support. Plus I tried to keep it as cheap as possible",https://v5.airtableusercontent.com/v3/u/52/52/1776535200000/tuA3sV_1Ds0AhJNwUkqfdg/uMmTLM_W9lTCvAwc--eqeOOnYrQ8JPUVJQg4iGp953hVmVCJvYZv9KoQZX9IEjoBRMCm-tG2BvCYDpQ5ddd0KMpkipcC2BOVwtnpvF2fYd2ENQdxmqunIXPhZ0hqy7BetNs3O3NOjmx8x-A7hq1DV4xINz9W4Mr30XU65g9x9OA/vJzRjnLPoc2RP_wDtQznNdmmCeXFOg4JxlpFRS17DqA,3,Cyao,,http://archive.hackclub.com/sfe4f
recOYHBX9PCymcfeG,Highway,1775433600,4,United States,pizzalover125,https://github.com/pizzalover125/macropad,https://github.com/pizzalover125/macropad,"A custom hackpad with 8 switches, an encoder, and an OLED! This is v2 because the first one was riddled with bugs and never saw the light of day.",https://v5.airtableusercontent.com/v3/u/52/52/1776535200000/ZKGz7iFru6eleX5a7J-y0g/iOkdSkqq7An_dZlHoUpCErwznQiW60tsQiYTvowENY-tCEX3oFdTTUm0s5gnkdq9weMVmv56QsJcRpxOLTwIqKjCpQdQ_oCHrm5J4UBJD7V3Fc1hrp6XXDvMEQbN6ocjEbw8D16YSz7lIYvYzQ842X13m72FIiwVK4BhZTICYaVNqBHX8gjHubMPCCYGtNAE/aNElddnEgovtz7p7jIwOrERw_oAcsMlEC2uhUo5mlA8,0,adi // pizzalover125,,http://archive.hackclub.com/ytNak
recOoGWwTZThAusJc,Highway,1775433600,7,Czech Republic,OndrejVacekSPSCL,https://github.com/OndrejVacekSPSCL/6-key-HackPad-by-Ondkos,https://github.com/OndrejVacekSPSCL/6-key-HackPad-by-Ondkos,"It's macropad based on the tutorial HackPad. It has 6 keys, 2 LEDs and it uses XIAO RB2040. It runs on KMK firmware.",https://v5.airtableusercontent.com/v3/u/52/52/1776535200000/eYMUAToEByjL64KVgffXAQ/ZCrEdYC1i32vkmiZr5EdopJQfmb2u33iTZuYY5bM8vz7n-bjIXgHyF4TNMlSPpOgJV2vi2LE4ZRFw19OWY8EWgy8IZb9nqex5UpYO0jV36dU1n2GPRrlHdFLuUgaCBM5UrLSsYsx5IUlssFmMSkZ2i4bFiBeiYCdjsaF9ov4qFA/gyhoyhKQ9w85v3i8mP541W-gac4uuUpdh4gVVGdfzQY,0,,,http://archive.hackclub.com/wqoiG
recoH3Skg85fdIDJx,Highway,1775433600,17,Spain,pegoku,https://github.com/Pegoku/LED-Controller-PCB,https://github.com/Pegoku/LED-Controller-PCB,This is a simple monochromatic LED controller for Home Assistant. It is powered by ESPHome on a XIAO ESP32-C3.,https://v5.airtableusercontent.com/v3/u/52/52/1776535200000/5cr9ht_P5qSzhs4agCoA8A/c35ZUMIhCvdI3DBQdhYv7ytKOoW7BFvFSRmuc_xneoOViLBz4l0Cs-dq968ilkl7F42mvVAJzq4_K2GaekQPEFwpE1J6YmzpgvAoTrrCPVGOdvDn9CiJuVvrJG6VkJYOg0WJ0TV--LuTMSyCYBx3p-C6_7qVWjOyAdfURquDaRE/LZWBAjRcNd9PqgwWoJx_LKAbXSzsRMLfpsjrWeHDR_M,0,,,http://archive.hackclub.com/ZQzNK
recvJXVXvEejRNijX,Highway,1775433600,9,United States,Githubuser1122bruh,https://github.com/Githubuser1122bruh/LazyPad-HACKPAD-/blob/main/README.md,https://github.com/Githubuser1122bruh/LazyPad-HACKPAD-/blob/main/README.md,"A HackPad for #hackpad, it has 4 keys and a PCB made in KiCad, the case is designed in Onshape!",https://v5.airtableusercontent.com/v3/u/52/52/1776535200000/2dTXK6NG4DoYLgfjlButdA/gvL7MNSUUXg3sSyiApN4ACnsKrrb6rnX7BfKYoqFO2AU2ZOHmAX_XU54-YuS7DRPUQtX8wVoviSMLOH92WCos6ayO6G-6A329QOq-5LlGAYqP0cqnss0oSIqqtxI5EUoCezMI3ECMPBkCZaYh0FiSMVXJqpz1dbCJywypbjr10WR_yuWlJF38Bu1CL0TZ94D/7NfCQ_JqWEcCRWdu6L_fK3RxzOrXGotELj_V-dRR6_w,0,samhith (dont ooc),,http://archive.hackclub.com/52WPT
recVQUWye5HD6ihDL,Highway,1775433600,30,United States,Rikhav21,https://github.com/Rikhav21/Recycliment,https://github.com/Rikhav21/Recycliment,My proect is a filament recycling system.,https://v5.airtableusercontent.com/v3/u/52/52/1776535200000/yR3clFRU_m3KOXGayeoKMw/uBc1XdeAnFo1U1eHLEpT4BC5JeztukqBlTfi4SC9KWjr5G2GtRu2TncMfi9BfXgTE3Sgh-6juUHDAVdZCEQz-ivYzVcW1uJ7T5aVPEVyn-9h2uH5qtFyMrG9goxR0Be5xufAI_X5sOALxzcu1wMYJr7rsfjsgaRRqTkWzX8VJmKuWryAVtyOGFI2xes6YU0Q/5iy2kpETFvHIdIbrqdHqyzQLGbquv0UEFFe7bg6N5EY,1,,,http://archive.hackclub.com/l0kLQ
recWyIdkZjHLkXUxx,Highway,1775433600,4,Spain,lucas11222,https://github.com/lucas11222/Lucas11-Dev-Board,https://github.com/lucas11222/Lucas11-Dev-Board,An Fast prototyping board for,https://v5.airtableusercontent.com/v3/u/52/52/1776535200000/5yNSh-cJrjmbeWwmYacumg/Hq5Kh0KJXGP_n74VYJhdJAhTmbLhpqVWO-abk4JPQ6_cVoLxVo7HCp0mtIL5bS1w6XoLdYUFGsKxqTvq02BVtPGBBuZKH-GtWBzNYYxgL0wbStdQAgPtFyA9YjvApX9CRhNLDwIL5JliesqGldKSNXg4DOfIFTggS9Fa55pVbpo/7IBYIlELWL_Jeu50fKC-0AZ0Z9gN4FVSOlS-_H1otpI,0,Lucas11,,http://archive.hackclub.com/GW8sw
recWysLzWhP44uYZL,Highway,1775433600,12,US,Cyclic007,https://github.com/Cyclic007/miniMagicMacroMachene/tree/master,https://github.com/Cyclic007/miniMagicMacroMachene/tree/master,It is a mecanical Macro pad that is built to be used with AutoHotKey,https://v5.airtableusercontent.com/v3/u/52/52/1776535200000/9cSOLl7Us5yk_aEf6ZHeAw/FywDB8WSFXHkG5VvcUQmEpOtT_TZVDBWgYp5Pr0k4Bw9ajVSuc1MHZXbWL6FQFR-OPci9ZZD8QpOSl9WtHJsdeM0ShsV83USypdmIcedwgKs5DBQf6GDyrxx-3HUa-y8TMrJtactZmcKB7xw00soOstZ2wmaYjSJyXi3oYdx9fsha3SwplIUinhMD6BxJ8lH/SYXD3NaSY7CDjekZAAs7IAMPI1VxOYUk0ajwLL35vfc,0,,,http://archive.hackclub.com/UD89m
recpv29lswgOPftrz,Highway,1775433600,3,Spain,lucas11222,https://github.com/lucas11222/Lucas11-GeometryPad,https://github.com/lucas11222/Lucas11-GeometryPad,This is a keyboard for the game Geometry Dash,https://v5.airtableusercontent.com/v3/u/52/52/1776535200000/oCrbMJvbaWdziNbj_A3fdQ/J5_BKXnIa-P0ZbeVE4YRQ1vS2JQh1pv1JMugXpJmFJ8zKhaZ0KsSW-h9GfQgsbzmRGBCzBhDmYZNi1zSLnY6vKk4s9YT4sYje3Xrp1K99-QVd1F4EwVB4yaKnwiyUI3RbmkIJyomubL2ZSpxyks8hU3G3EsFoRqbL1kRbca_yGrdB6P8jX_GN7LATUztZOpV/rsp_sfb-dj2MYDWWUFjiHZb7DEMEyYud-4uatjV-JdI,1,Lucas11,,http://archive.hackclub.com/TmOrT
recZjcFMjNkWzRwFr,Highway,1775433600,15,Pakistan,MoeezAnwar,https://github.com/MoeezAnwar/Macroboard-v2,https://github.com/MoeezAnwar/Macroboard-v2,Designed Macroboard from scratch . Used Esp32 and made macroboard hot swapable,https://v5.airtableusercontent.com/v3/u/52/52/1776535200000/qsFOJLR3rkYfHuV1CVlAxQ/9HaOtL2c4BZn1EJ7onFv60h5BAUVGlAyAcYg6EJ9PkfFu_noicFnW08YbWX0M-XCln5U1CbE3BXXvZCVbMDszdOVAe9vU3lPQXyro7pempF4ppxCcImYqNyZpqoCTsMj0Ww_4vj-smTDuOCeSwUfmpnXipASoRnS6efAD9mSJsU/me5hlfhwjVTNEkckKvT3tvBGjbZwJwKBw3MSsoLitzU,1,,,http://archive.hackclub.com/Eivxf
reclhhZVzAI4K2nSu,Highway,1775433600,18,United States of America,samatua1221-2896,https://github.com/samatua1221-2896/Numberpad/tree/main,https://github.com/samatua1221-2896/Numberpad/tree/main,This is a custom hackpad that is basically a standard numberpad. This is my first project that I've tried to make for Hackclub,https://v5.airtableusercontent.com/v3/u/52/52/1776535200000/hI08WsgX-nX-Ytv45vvQAA/yAxmrIaO-oTT2Ajz1UGXc0IcCq1lldZFJIuzs5g_RydDy6s7Cg_Xj7rZiIVNrqYW9WYDuw1Iz8LxDRCXOW0qarDFMj3fUHKZetQI9re1F0BFHoxeTbOHB_Vt1fCucXVvhqSL7vPzZ6gp3PJvEa4kdaQwD_cRaE5MzM4ja-Wdz7I/1WkxNoquWzUpXGXeVrW3i4rqwehv29pWMG7IoCtFC1Y,0,,,http://archive.hackclub.com/RBKba
recbUza5CwRDjUt7o,Highway,1775433600,9,United States,giragon6,https://github.com/giragon6/phrogpad,https://github.com/giragon6/phrogpad,"a macropad with 5 keys and a rotary encoder for common functions (vol up/down, browser back) this is my first hardware project like ever so please excuse all my dumb mistakes 😭",https://v5.airtableusercontent.com/v3/u/52/52/1776535200000/sgGKadl2ibqvolZefqRbMw/OFZDzTc2egVBymDoZOL-WnLdBxFaIRvucLjj3hsd7DCgX7bVE6jBXN77Nfq_XeEks8Jfrcl1kthnm2_sJ3UGnOhGVAuunqOeLpSrqqv1e2EDoepU3gg7TxzdbFcboLOyDBH8IXazTZsRnRUEYF81Zv43093f8PX7DehlaJ1_NbAPGlW1ffW4HEXaXRGsS5PB/y1tUAShtSTB3kZKwOS4Ls3-xclFkOSwV7L6VYaQpzTQ,0,,,http://archive.hackclub.com/ytp3V
recEF7s8vDBZvAL2W,Highway,1775433600,12,United States,Cyberbrainiac1,https://github.com/CyberBrainiac1/DailyPad/,https://github.com/CyberBrainiac1/DailyPad/,"DailyPad is a customizable macropad designed to enhance daily productivity. Built with open-source tools and hardware, it's perfect for developers, makers, and anyone looking to streamline their workflow. Right now it is programmed to take me to the websites I use the most in my daily life.",https://v5.airtableusercontent.com/v3/u/52/52/1776535200000/VIGbh4JMtsMdx82doCmyHg/fo6DlS0I_5N5PfDEn7PWQV_xkvklW81VHPdSnzQTzm2wjph7n6DKYrBwRXcHC7i23wwrcJ4dVibMHddAIjDRmCxIW6I7m-9vsRyAeK5YS917eoSM96DLUx7HGp0iU5Ahjdi7oUY5DnuLtQ8mHOj_uYfToyElwtRqcakuF5fVAWPbOvaw6YVZxC6Em0V89oqa/Y4G6FTtRCV1k2qEP1Mnc97217UxqJ1DB9u28-lI2JBg,0,,,http://archive.hackclub.com/P6GeW
recrlXxx2X1JZGHUE,Highway,1775433600,8,Singapore,mynameisashllee,https://github.com/mynameisashllee/celestepad,https://github.com/mynameisashllee/celestepad,a macropad for playing the platformer celeste! (the basic keys anyway..),https://v5.airtableusercontent.com/v3/u/52/52/1776535200000/7OgMtZ3nGzxkn2b3r-300g/OLwKG71yDX1scVlyzQeARTNbrBm1KhbDJ7J7C_bzIH7oHBGYfsgEtoZdKRPT7Ep9gnBR7XEJnZj5kjAfrfgR8jTfXWVdOzN1OHfPVonQ5MkG1NmJfjAv7PDO33URJhf7KFSAq56uc17d7oZCn0SGKn_zqXuEDoWiMaIaO1qwAG1TK8nTHs6jlWK8N7KFKpiy/dWz5HlGB_mbPKxNmBzndUdpSmyi3eRY8oIoiviv3GsM,0,,,http://archive.hackclub.com/YNpLK
recaI4TQLVLEtRNuP,Highway,1775433600,6,Czech Republic,Wrexik,https://github.com/wrexik/SkyScan,https://github.com/wrexik/SkyScan,SkyScan would be autonomous drone for capturing images to use to generate 3D scans. Photogrammetry and 3DGS. Capture abandoned buildings from the sky and keep them standing forever,https://v5.airtableusercontent.com/v3/u/52/52/1776535200000/siZ_Den6gIPMUVV5KTSrHA/MWIzjJgxndFRaXDrCenA71EjyprbfSaVxOzhyHKUOidDbCJhWKOSkpFb_BCwgCXBpRurRL4G3cxaIN58lS6qRJbMUAE-6EDfMMIXbaPD7MihLS1N6Yi6OkCTIsbjGpGGWBQ1gKuOB6ICW5t4izwm3aS1TsToPn8tTxs8xyFWS4QG9KBQdCAa6G0U8IF1LvHTZurX20_FXv74N8whqzZkpw/lIQ2qdQ06Kghq9kv2JtFcsF-NZWGBRC7Y1y1v3SS46E,1,,,http://archive.hackclub.com/vmkSG
recm32hV1WJ9A4TSk,Highway,1775433600,7,Spain,MrDaPoyo,https://github.com/MrDaPoyo/poyopad-v1,https://github.com/MrDaPoyo/poyopad-v1,It's a mini macropad with LEDs that light up when a key is pressed. It runs based of a XIAO RP2040,https://v5.airtableusercontent.com/v3/u/52/52/1776535200000/kZIbwqwpMq9vz_o27sxLow/soEUpo-76A-P-j1dVEk70xkjcGcuuBcQlAPdFpb46igJM4nvY9A3Nao65wEo54yu2F5n5TVE9UZYg6AYvM3g7ZXe_y9YSNwINuiToxAntvoU5PpLaOeaLtDImLqn9NbSwcspTxLyj25jUxnhXxsbLlkTL21WlEt0amSzXrsasnQ/XsFukFiiPqvkcvDUBR7ee91DhmvR6k5L0nLT477oFow,0,,,http://archive.hackclub.com/xJ43m
recukakYsM4SbgAkl,Highway,1775433600,12,United Kingdom,ImNoahDev,https://github.com/ImNoahDev/MacPad-Keyboard,https://github.com/ImNoahDev/MacPad-Keyboard,I have designed a full size keyboard with added roary encoders and a programmable fader. I have the MCU onboard to minimise size.,https://v5.airtableusercontent.com/v3/u/52/52/1776535200000/laNUe8Wf79v5AxmgfXHfPA/QOc9bLgmqyoT_GNBS6c9kYu2swacymfn74PrQ3moHq-c3L21ofZL92_qmJu-N95zlv7Mz-sCagF2mk1Dm9OJ2kN_ZeCO4ZZei-295vEsZ9wyDaCEDw3rrsxbidzyiWroCTE1qBxzvoDs5IMSpxGX2ZPY1N2bzCh6k8Vl2bpC080/78e2XyoRq6ATvpO0_UYuXUALdGEPr-s8GqTsUt0Tvdc,1,,,http://archive.hackclub.com/x7OOm
recJcEhwNA5K99yc1,Highway,1775433600,8,United States,meepodeep,https://github.com/meepodeep/ErgoDecks,https://github.com/meepodeep/ErgoDecks,Wireless split mechanical keyboard with Choc switches and 2 independent halves.,https://v5.airtableusercontent.com/v3/u/52/52/1776535200000/gJH7zgn82GciOA9XWxawMg/s8WlHuwqM6FF1GG6BugKzKTNa-xAGXzZqxl4qpqMgpiJEBykdZ_fNy4Jc7KYZmYpvsYjxu41Iem_lbtXYPKRzLyErEh5dwzLr-F1N0p8hLyC-9AaCddYyEexc4OD3kIF4JprAKedv8unQMz_Stzq4f5dC7DzB-x0GQcKWX9mGIENCQie7_LPnoFStjK13MoU/QlHGqN0QA-ya18A6cgp19SGCxgf5sMq3IVqJFiK_Z3s,1,,,http://archive.hackclub.com/N5b41
recE095DQWxwyRiGg,Highway,1775433600,18,United Kingdom,ImNoahDev,https://github.com/ImNoahDev/Voice-Assistant,https://github.com/ImNoahDev/Voice-Assistant,"I set out to build a voice assistant that had a small footprint (allowing it to fit easily in any space), A high quality speaker (for voice clarity and music) and a high power processor (to allow for on device speech processing allowing audio to stay on device). My design consists of a cylinder like shape with a visible speaker at the top. There is a status LED strip in a ring at the bottom to show the devices status and give a visual indicator of the device being activated. There are a ring of holes near the base to allow for sound to travel into the microphones. The holes at the bottom also make the design act as a transmission line speaker giving better bass. The design has been specially calculated to have optimal acoustic qualities.",https://v5.airtableusercontent.com/v3/u/52/52/1776535200000/fGHaMpPjeptRTn0YBMBmCw/NhTi_5IdOmnL6UnsOSsVAKLAAZpjgbsNMRJNJpAnKgAkAoeItaXUm8aSHzkShZdXzwqZBbEfUAdrrDY0AI88jJvH9nHrPy8jj4UbZkXP0nGKjEjqw9qSQ8VcQsqyE1zJjQVrktgXwJtquvPXlWcuBFnK69lIlLZklGuw0dhgfGg/qBqcDmIpShQGj-og10Rbr_tVZjsd8TajmuBfvjtoMVU,1,,,http://archive.hackclub.com/yvat1
rec6PvvXSPSXj02TH,Highway,1775433600,3,United States,pizzalover125,https://github.com/pizzalover125/cardpad,https://github.com/pizzalover125/cardpad,A macropad in the size of a credit card for portability. Also functions as a business card.3,https://v5.airtableusercontent.com/v3/u/52/52/1776535200000/e42VbMTh-INT6O_j771OvA/k8Qu2E8-OStyK6-f9yQwdSrsuEnFeIv-xAJU0Q50HQkl40maL6_2apjrLrottWUAz8hxW37wI2ceoKXg33ZeV7FY0nKEAugLgopXfyBSkxibTQD56UwBHHM7bfkvaxwSrqJms0lP6SD2gO7-8YQgDpzTeBwesCb2XuUOZUZDGV05F6A81jOw8QT_cwHjy6py/C1o63bkHEtOmG0xQZD9l_VjhxiiZgZ_BEjx2bALhMIY,3,adi // pizzalover125,,http://archive.hackclub.com/214Lp
reccYjDmkLjg6zfEp,Highway,1775433600,13,India,foglomon,https://github.com/foglomon/fogpad,https://github.com/foglomon/fogpad,"A mechanical WASD type macropad with multitude of customisation options (working on them) that can allow you to use it as a music controller, WASD for video games, volume, brightness controls or just a regular macropad with tons of shortcuts!",https://v5.airtableusercontent.com/v3/u/52/52/1776535200000/C9KXjiJnGthy3BH-VhUbkg/A80vMUuZHfAWlwgFAI7V_qMUbOCFkIUYA4O1M0NyWU5wv3xU9l7i6VUg1LHunDcYFkfV2S0GLtPSzWP9fcE3ktwcp95sn7NaLHqwAyaYkUYBKxqWfaqI5MtICKBlq7ZvILjFEPurrVEomncxS7ACPY3po6j61XqCtR1Gl_wJyL0/KxFDob68f0YKwI-rVjbT2dkYiuxW1i-kpJWzNylEFnM,0,,,http://archive.hackclub.com/4uI0S
recxpgacRC26zrIHe,Highway,1775433600,13,United States,TheEternalComrade,https://github.com/TheEternalComrade/The-Prince-Keeb,https://github.com/TheEternalComrade/The-Prince-Keeb,"The Prince Keeb is a 54-key, low-profile, split keyboard. It uses RJ11 jacks to allow the two halves to communicate with each other, has a thumb cluster for shifting layers, and is ultra-thin to improve typing comfort.",https://v5.airtableusercontent.com/v3/u/52/52/1776535200000/l9IMw1XVOUeK8AKQPYsV1Q/iax8W9L6uQQ2YyBmWIJCsio98Ai5aFNs5v3eDJGl9NfsHlrEbTOqetaIc0s-MYMJPfRheN6jqGHN-LQA66WYtQCYL2DZG0plMvlH6Eh48emTreiMBLZ7OlDv7EZwyUA12CUXUSAarmHMoMLOevWSVOSFPJMgLHJ81eOEf2_UwIj669V_WpZnfgPjVcFl1VGm/jRDzP-_akobzizPZRs9yfM9u7kvIfjgCBOzrr67H6-0,4,,,http://archive.hackclub.com/CW0Pn
rechCaqWSIA3bjQc1,Highway,1775433600,55,United States,ProgrammerTurtle,https://github.com/ProgrammerTurtle/DoNotDelta,https://github.com/ProgrammerTurtle/DoNotDelta,"My project is a first-of-its kind delta/quantum delta hybrid 3D printer. Each side needs to move both half the distance and speed to achieve a requested travel move. So, it could be very fast. It is also very small and invertible.",https://v5.airtableusercontent.com/v3/u/52/52/1776535200000/Yr1V0TSIFTngpITg7sdYNg/lFQx5qcgXKL8MLKa8P_Wm02F76dQjJVjQT0lhoaze8uR1TPVMeoQrHz0bm-pTivilhKSdFXbvgByQPsEJ9HMmdM_naF3cnaN9ZDefmUuqGne833R0AoSOeyaDLU7Uc_iteE-Uh6VzSWAmN2MCynwu5rzDVtG2RQOGNJ39SUt9Rw/OtXGUEU6g800R_XVycelGmWgcJDNmYbxBGAjQOIu2oA,24,,,http://archive.hackclub.com/SPKxI
recD3H3ZzRCOvwWEx,Highway,1775433600,7,United States of America,nano13579,https://github.com/nano13579/narwhal?tab=readme-ov-file,https://github.com/nano13579/narwhal?tab=readme-ov-file,"A macropad with 9 keys, 1 EC11 Rotary Encoder, 9 through-hole 1N4148 Diodes, 1 SK6812 MINI, and a XIAO RP2040 as the mcu. Rotary encoder changes volume with basic mapping for keys. Extra features include backlight, slightly visible pcb, silkscreen, and neopixel.",https://v5.airtableusercontent.com/v3/u/52/52/1776535200000/fX4c7WoB963lkdiDp86fcA/VMtpIDpcXjBFmxw5pxwgnCLaUAy1rKpiQxzn2pRbQ_Q5924ivVCNcztesMy57z0wtOArOFp4nJdfYpR-ul5_Phkq6icJSPfYmpAZI20ZyxMShaSBOBodsTHmG0dRgNbjfCiMndX8Lo3uZ19DDFnjja8lyvzd48WiE82UIemFfJI/M_eg2JIYng_St5Y3lqfCzBpCBFQ0Kka2OuTKUiRi4Ok,0,,,http://archive.hackclub.com/TUBRm
recv6eOETTHL8Y24S,Highway,1775433600,6,United States,simonhajd,https://github.com/Simonhajd/Macropad,https://github.com/Simonhajd/Macropad,"It is a button and a rotary encoder, to optimize photo editing in lightroom (with a backlight inside!)",https://v5.airtableusercontent.com/v3/u/52/52/1776535200000/LSezKoLk98UZ5RGvoel7Ew/3274j_WuzZnQAUVdlmS6BrCWfMiG-8qZa_9CJtJCIs_nHMEhI8pTRRUcOgWxvboucYgyEMcd5hyMmBoMR_zlt4fwFF8uFywWJzENacohJj0OVHu6b6zwPlCYmWeC4fl3zWnwb5V6DL9tPuvTQH-t77R2b5qNACvOgnVzyNvoA1NzfGuTJFssyvQEnUyMcZgu/eya2sckCHDkGWb4UgL8uzHBCWqupEhherWbRt9RrHsg,0,,,http://archive.hackclub.com/ZrzlS
recKUNdHVCfgXAgA8,Highway,1775433600,14,United States,ayaangrover,https://github.com/ayaangrover/chord,https://github.com/ayaangrover/chord,"Chord is a spotify carthing replacement(without the controls). It's powered by a Seeed Studio Xiao ESP32S3 and the display is Seeed Studio's ""Round Display for Seeed Studio XIAO"". It fetches the song name, artist, and cover via the spotify developer api.",https://v5.airtableusercontent.com/v3/u/52/52/1776535200000/fPO1AcX2KHXjlSq6E98quA/i1qx3GEeHz1XPzWLyZbvUbWUNCJeqb7xKkiAeyu5Lof8y9RW8rTrFeQc87IaOQk24v78B5DKivB3Cx94GUEJc6VIAmUGtPWkoI_S6QrMCwcktUK1ss1OhcWVvVP7RaELHNNVrZLlskVXZbl5Jo3tVZu050_KWJCatmOtBWlemIfTpCXyv-Znb2kauStayslt/RQbKZi0Day2e5ifPRoGbTwDs6tZr83__8QIZPVsR_y0,2,,,http://archive.hackclub.com/gMQBS
rechhg0XL9LT26DJJ,Highway,1775433600,10,United States,O-Lidenbrock,https://github.com/O-Lidenbrock/9KeyMacropad,https://github.com/O-Lidenbrock/9KeyMacropad,"This is my first PCB project! I've got more ideas, but I wanted to knock out this starter project to get an idea of how it all works. It's got nine keys and two rotary encoders wired in a matrix (the space between the encoders is skipped).",https://v5.airtableusercontent.com/v3/u/52/52/1776535200000/u4r3ueFIHHRumaKWTuv5_w/YhvwaaFfQkRLH3-Jn6gvf9ntwqDO0m38QVLb0Mdr_9D8I8im2WRvXCoLD3RzO9uLeBetYNpQI6f4gTsavwPPozF_DiGXCnCUJs9VEIT-fHDoA-gWGFWPDlDDQX0Gtuzz_lPgA3pnj9AiRmyi-DGm7-HKYLdlPs9rdZbUr0MmTVvtGX0N0bj6xRGN8i3NECwu/oli23S8sdhDCn_wNWKxf3rrafCx3IYRhH2NfXlkRNjI,0,,,http://archive.hackclub.com/VOGB4
recRJot9jbZPxu1Ny,Highway,1775433600,10,Australia,The-UnknownHacker,https://github.com/The-UnknownHacker/GhostPad/tree/main,https://github.com/The-UnknownHacker/GhostPad/tree/main,My Project is a hackpad built for MIDI drumpads in mind supporting USB C audio output and wireless drumpad capabilities,https://v5.airtableusercontent.com/v3/u/52/52/1776535200000/j8ud3-eiL4-2H-jOG3b1AA/raXVvRkUvDM3gzAU4tSzvHbQtag-7T6VRymszxcmqrFFzEWofmTNHKpvmi7Bot_rxsobgqoDrESW3h-ec87z1GSf5R36O5RkP7mlQfzA2FXTO_7tf4GRogVPdt0d5DqxgyV0tRdmH_T9tUr07wrSaJ_Zm5REUZN4zCen6RD4wQw/g_F1NwFaADUtTrslhNan1wxGQFA79A15iEYwLnIeBN8,0,Aarav J,,http://archive.hackclub.com/7cUk0
recPJsT0fpNSEWfGm,Highway,1775433600,8,Australia,wormmeatapple,github.com/wormmeatapple/Single-PCR/tree/main,github.com/wormmeatapple/Single-PCR/tree/main,"My project is a cheap, easy to use PCR thermocycler! A PCR thermocycler is a machine that heats up and cools down to specific temperatures to allow the polymerase-chain-reaction to occur. It is one of the most vital tools in biotechnology and biohacking! My specific machine holds one pcr tube, and is controlled by a webpage served to you from an access point generated by the machine.",https://v5.airtableusercontent.com/v3/u/52/52/1776535200000/euieBNzMeMaxLtO4tcL4gw/qkE44atj0TsGSAveTQhqQU9e3QbBsuKwHHvcqASbWlAbAz1JfWo7gjjJittg0OOH46CiFbTJbAPQCMusSmcM0BKBvp87-Fd64rXmrm7TAJzwW-fEem5N1PYf2OinOt0EorgN8hgwH7NNQsZLVX4xcG-uE_Tstnvk1hlNJRIrLVU/msjpMUHvqa3KdVvc9029I0l8LCPui6iZVgewfhywBME,0,,,http://archive.hackclub.com/Vf22x
recGSLIemLDqWEfjW,Highway,1775433600,19,United States,SbRhubarbPie,https://github.com/SbRhubarbPie/Pie-Pad,https://github.com/SbRhubarbPie/Pie-Pad,"A keypad that has arrow keys for any web platformer or racing game that I play, with music control buttons above.",https://v5.airtableusercontent.com/v3/u/52/52/1776535200000/H_ahUxLY5IA67ZL--8gxCA/u3vNOse0iyki9XoRMlo1t_p1mBSuzwBDl2BI8BMzesd-Gt1ucYeny9OK42y59Es1klmuerB-7R2vpMOagj4967SekEhy1VopMFZ2LtytyUhzUwdSCAb6l0Ff-VyX5k9Uxd7sLoEQ11xQi7qxiLz4YPT1cyikc4qHqc52W2i_KVAXRZpdx1H511nEC9AoHEUaimR1yboovdfVs8YWPASrLA/1RtuxE0bvIttJ3H8U9f-lOPxGmzZ37mYQsEBulAKl2k,0,,,http://archive.hackclub.com/5PqqG
rec8oMxDkXdUxRhuP,Highway,1775433600,12,United States,SquirrelEnjoyer23,https://github.com/SquirrelEnjoyer23/MushroomLampV1,https://github.com/SquirrelEnjoyer23/MushroomLampV1,"My project is making a mushroom lamp, the lamp will be controlled by a arduino and it takes input from a rotary encoder at the front to control the brightness and color of the led's in the lamp, this will make it perfect for a lamp to read by or mood lighting.",https://v5.airtableusercontent.com/v3/u/52/52/1776535200000/4finDyi_N5WlDFHFLDh6NA/AkpMslfhjd0PdzhJQvszjandZF_XkE8ziVorWZjj9Z7RfBQBKJRSi_zT-Gc-Sn6vBBOCxX7l02RE3op0s9ZkGIiB-FRD264hTTGkH7DIyBfCo6YB8NDp_M-VQ9zFxcgfLM3MCKp2TT_q-oLSLjSg1MLAbL77LjslSNneOuWXns1HfJIbq8EZ2_Os7s1YxKXrKDGXwk46w0H-nV3E0tuYYg/zIvHkyaDYOAftbs_teXMqezNfp1Udjgv3duMntf93X8,0,,,http://archive.hackclub.com/TSbe0
recSyvsnQU49drSdf,Highway,1775433600,14,Canada,Outdatedcandy92,https://github.com/Outdatedcandy92/FM-Transmitter,https://github.com/Outdatedcandy92/FM-Transmitter,My project is a small and compact plug and play USB audio to FM Transmitter. You plug it into your computer and start playing music and this board will automatically transmit it over a set FM frequency. This board is designed to be plug and play requiring no additional software to be installed on your computer. However you will need a microcontroller to program the board if you need to add custom settings like transmitting frequency (default is 86MHz). Programming the board should be pretty easy as there is a PH2.0 connector on board for I2C connection to your microcontroller.,https://v5.airtableusercontent.com/v3/u/52/52/1776535200000/8nb3u-7dquRJYXwWdcRFnQ/JFEH3xssbKFij9Cs26oOVO6lDA2uR1cvOjfl2oNU2KlK_CEcCv--td0OQvtkX9C2vQpELq5B0mllaCOc79cwRGF4N44vVqOwZ-Z8k8ee5i58XbUKynrVFxvbl3QHfrwqZ78BQpb3_1NIBbe0tIg7RHp04NLUfjbjscBH7GQ4khCSh5eVY2m25sVvYEXekzsm/MSdhUaguVY9fEpnBf19jTA1w1slBJi3HWC1EERK4-go,19,Rudy,,http://archive.hackclub.com/tRgPn
recRnDALqhkHhqpAy,Highway,1775433600,15,USA,lordbagel42,https://github.com/lordbagel42/highway-split-keyboard/,https://github.com/lordbagel42/highway-split-keyboard/,"Custom ergo keyboard! I have large fingers and I've been getting a lot of carpal tunnel and other hand issues because of my Apple Magic Keyboard, so I've made a custom one! It's been designed to fit my hands and my needs perfectly, plus is declaratively designed using Ergogen. I also hand routed the entire thing to be capable of reversing.",https://v5.airtableusercontent.com/v3/u/52/52/1776535200000/gZY7hDblr-wgwBHlkEwpLg/Q_AVEMNXWzAh649GrEtKYO0y93uVfAuvU5Ok5IKQPLCyovwVTPZNp_PDLFw9boyedCjXniRBhHp7NIuPgsjk0am8uCX2F2I2_MFGDnQWIaNVISnXQCbfjw8vmbQfbixBPtnLRzyY7DA8hDwdbMNI2umU0eyQp4qoUZZSIk3knPE/-pr-E8HXNtiajO13eMtTozBhWXnhmurtkTNypBZFQ2M,3,Raygen Rupe,,http://archive.hackclub.com/pvpNC
